{
  "accuracy": 0.6881443298969072,
  "macro_f1": 0.6243444055944055,
  "weighted_f1": 0.6776531297310936,
  "classification_report": {
    "negative": {
      "precision": 0.6176470588235294,
      "recall": 0.3684210526315789,
      "f1-score": 0.46153846153846156,
      "support": 57.0
    },
    "neutral": {
      "precision": 0.6952789699570815,
      "recall": 0.826530612244898,
      "f1-score": 0.7552447552447552,
      "support": 196.0
    },
    "positive": {
      "precision": 0.6942148760330579,
      "recall": 0.6222222222222222,
      "f1-score": 0.65625,
      "support": 135.0
    },
    "accuracy": 0.6881443298969072,
    "macro avg": {
      "precision": 0.6690469682712229,
      "recall": 0.6057246290328997,
      "f1-score": 0.6243444055944055,
      "support": 388.0
    },
    "weighted avg": {
      "precision": 0.6835040431159586,
      "recall": 0.6881443298969072,
      "f1-score": 0.6776531297310936,
      "support": 388.0
    }
  }
}